{
  "TestId": "testcase004",
  "Method": "post",
  "Title": "单独推送消息",
  "Desc": "单独推送消息",
  "Url": "http://127.0.0.1:8000/login/",
  "InputArg": {
    "action": "44803",
    "account": "1865998xxxx",
    "uniqueid": "00D7C889-06A0-426E-BAB1-5741A1192038",
    "title": "测试测试",
    "summary": "豆豆豆",
    "message": "12345",
    "msgtype": "25",
    "menuid": "203"
  },
  "body": {
    "username": "admin",
    "password": "123456"
  },
  "Result": {
    "status": 0,
    "data": {
      "uid": "",
      "mobile": "",
      "email": "",
      "token": ""
    },
    "message": ""
  }
}